{"noiseKey":{"private":{"type":"Buffer","data":"sMgHmicLiADKgl6i2CkhP7xOy+9i1knjPoH6xSp3fFE="},"public":{"type":"Buffer","data":"ZMhM9O6ffCtN/EXu6fHqXQMFXG/D3LWbUJCVf1Xj5Qg="}},"signedIdentityKey":{"private":{"type":"Buffer","data":"oIui8ypMX6RDmDn/sAOcPUYmoxC7C2g3Irxw6gUsTm8="},"public":{"type":"Buffer","data":"Yqi4koAwwd4De8INb+M04msD9t4GPw+fMjGtk/OqSi8="}},"signedPreKey":{"keyPair":{"private":{"type":"Buffer","data":"+B2B0ldNbjbk/KHc/ct2KvmsNtUT8Fn8tzwhdnJZsHg="},"public":{"type":"Buffer","data":"V1+RsWW//udPyvi/0ugEFI4XDtB3j0p7hB4e9gCVARo="}},"signature":{"type":"Buffer","data":"4XWiTovwQZR2C99mfKlgbYd1LkSOObXEo6MRa2kvWqekPJlgxsC8LsEPOqlJ2C090fXYyD0DWpT71tFcu6H9hg=="},"keyId":1},"registrationId":211,"advSecretKey":"F8wsNst1PRjeCTb+Pu/KonuJW0I83PcKandHN7hhdfs=","processedHistoryMessages":[],"nextPreKeyId":31,"firstUnuploadedPreKeyId":31,"accountSyncCounter":0,"accountSettings":{"unarchiveChats":false},"account":{"details":"CO6K97gCELbMtqwGGAEgACgA","accountSignatureKey":"fNfrESSV8j0ULWWq3+PPid0j9S0dTzUXBHFlYmBMYhs=","accountSignature":"916tjqhDypvf/e+jNPlR7muOhY23pGWJeiH709bQfHu+efSy9L6jnJV8EskJPihdcVqGgco9rg6w+c7MyltIBQ==","deviceSignature":"yx0kR2NwBH9Sfalsf0jGohaKVZBcRX9y4CDDPGhc9Llx97qKhSlTrkb3oW73PXwPatDCEj3KPzjy2aa88CHWjQ=="},"me":{"id":"923230842745:22@s.whatsapp.net","name":"cutt chuza^^^"},"signalIdentities":[{"identifier":{"name":"923230842745:22@s.whatsapp.net","deviceId":0},"identifierKey":{"type":"Buffer","data":"BXzX6xEklfI9FC1lqt/jz4ndI/UtHU81FwRxZWJgTGIb"}}],"platform":"smba","lastAccountSyncTimestamp":1703781944,"myAppStateKeyId":"AAAAAP3B"}